source_id	source_identifier	attempted_identifier_type	failure_type	severity	resolved_hgnc_symbol	action_required	notes
special_case_policy	CLDN18	target_interpretation	CLDN18.2_isoform_unresolved_gene_level_only	flag	CLDN18	Preserve flag during ranking and candidate interpretation.	CLDN18.2 clinical target cannot be claimed from gene-level CLDN18 without transcript/isoform evidence.
special_case_policy	ERBB2	target_interpretation	gene_level_acceptable_amplification_and_protein_evidence_required_downstream	flag	ERBB2	Preserve flag during ranking and candidate interpretation.	ERBB2 gene-level mapping is acceptable; amplification/protein evidence must be registered downstream.
special_case_policy	FGFR2	target_interpretation	FGFR2b_isoform_unresolved_gene_level_only	flag	FGFR2	Preserve flag during ranking and candidate interpretation.	FGFR2b/IIIb context must be separated from other FGFR2 isoforms when evidence becomes available.
special_case_policy	HLA-A	target_interpretation	hla_nonconventional_target_requires_specific_modality	flag	HLA-A	Preserve flag during ranking and candidate interpretation.	HLA genes should not be ranked as conventional surface targets without modality-specific rationale.
special_case_policy	HLA-B	target_interpretation	hla_nonconventional_target_requires_specific_modality	flag	HLA-B	Preserve flag during ranking and candidate interpretation.	HLA genes should not be ranked as conventional surface targets without modality-specific rationale.
special_case_policy	HLA-C	target_interpretation	hla_nonconventional_target_requires_specific_modality	flag	HLA-C	Preserve flag during ranking and candidate interpretation.	HLA genes should not be ranked as conventional surface targets without modality-specific rationale.
special_case_policy	HLA-DMA	target_interpretation	hla_nonconventional_target_requires_specific_modality	flag	HLA-DMA	Preserve flag during ranking and candidate interpretation.	HLA genes should not be ranked as conventional surface targets without modality-specific rationale.
special_case_policy	HLA-DMB	target_interpretation	hla_nonconventional_target_requires_specific_modality	flag	HLA-DMB	Preserve flag during ranking and candidate interpretation.	HLA genes should not be ranked as conventional surface targets without modality-specific rationale.
special_case_policy	HLA-DOA	target_interpretation	hla_nonconventional_target_requires_specific_modality	flag	HLA-DOA	Preserve flag during ranking and candidate interpretation.	HLA genes should not be ranked as conventional surface targets without modality-specific rationale.
special_case_policy	HLA-DOB	target_interpretation	hla_nonconventional_target_requires_specific_modality	flag	HLA-DOB	Preserve flag during ranking and candidate interpretation.	HLA genes should not be ranked as conventional surface targets without modality-specific rationale.
special_case_policy	HLA-DPA1	target_interpretation	hla_nonconventional_target_requires_specific_modality	flag	HLA-DPA1	Preserve flag during ranking and candidate interpretation.	HLA genes should not be ranked as conventional surface targets without modality-specific rationale.
special_case_policy	HLA-DPB1	target_interpretation	hla_nonconventional_target_requires_specific_modality	flag	HLA-DPB1	Preserve flag during ranking and candidate interpretation.	HLA genes should not be ranked as conventional surface targets without modality-specific rationale.
special_case_policy	HLA-DQA1	target_interpretation	hla_nonconventional_target_requires_specific_modality	flag	HLA-DQA1	Preserve flag during ranking and candidate interpretation.	HLA genes should not be ranked as conventional surface targets without modality-specific rationale.
special_case_policy	HLA-DQA2	target_interpretation	hla_nonconventional_target_requires_specific_modality	flag	HLA-DQA2	Preserve flag during ranking and candidate interpretation.	HLA genes should not be ranked as conventional surface targets without modality-specific rationale.
special_case_policy	HLA-DQB1	target_interpretation	hla_nonconventional_target_requires_specific_modality	flag	HLA-DQB1	Preserve flag during ranking and candidate interpretation.	HLA genes should not be ranked as conventional surface targets without modality-specific rationale.
special_case_policy	HLA-DQB2	target_interpretation	hla_nonconventional_target_requires_specific_modality	flag	HLA-DQB2	Preserve flag during ranking and candidate interpretation.	HLA genes should not be ranked as conventional surface targets without modality-specific rationale.
special_case_policy	HLA-DRA	target_interpretation	hla_nonconventional_target_requires_specific_modality	flag	HLA-DRA	Preserve flag during ranking and candidate interpretation.	HLA genes should not be ranked as conventional surface targets without modality-specific rationale.
special_case_policy	HLA-DRB1	target_interpretation	hla_nonconventional_target_requires_specific_modality	flag	HLA-DRB1	Preserve flag during ranking and candidate interpretation.	HLA genes should not be ranked as conventional surface targets without modality-specific rationale.
special_case_policy	HLA-DRB3	target_interpretation	hla_nonconventional_target_requires_specific_modality	flag	HLA-DRB3	Preserve flag during ranking and candidate interpretation.	HLA genes should not be ranked as conventional surface targets without modality-specific rationale.
special_case_policy	HLA-DRB4	target_interpretation	hla_nonconventional_target_requires_specific_modality	flag	HLA-DRB4	Preserve flag during ranking and candidate interpretation.	HLA genes should not be ranked as conventional surface targets without modality-specific rationale.
special_case_policy	HLA-DRB5	target_interpretation	hla_nonconventional_target_requires_specific_modality	flag	HLA-DRB5	Preserve flag during ranking and candidate interpretation.	HLA genes should not be ranked as conventional surface targets without modality-specific rationale.
special_case_policy	HLA-E	target_interpretation	hla_nonconventional_target_requires_specific_modality	flag	HLA-E	Preserve flag during ranking and candidate interpretation.	HLA genes should not be ranked as conventional surface targets without modality-specific rationale.
special_case_policy	HLA-F	target_interpretation	hla_nonconventional_target_requires_specific_modality	flag	HLA-F	Preserve flag during ranking and candidate interpretation.	HLA genes should not be ranked as conventional surface targets without modality-specific rationale.
special_case_policy	HLA-G	target_interpretation	hla_nonconventional_target_requires_specific_modality	flag	HLA-G	Preserve flag during ranking and candidate interpretation.	HLA genes should not be ranked as conventional surface targets without modality-specific rationale.
special_case_policy	MUC1	target_interpretation	mucin_alias_repeat_region_review_required	flag	MUC1	Preserve flag during ranking and candidate interpretation.	Mucin genes need careful alias and repeat-region interpretation.
special_case_policy	MUC12	target_interpretation	mucin_alias_repeat_region_review_required	flag	MUC12	Preserve flag during ranking and candidate interpretation.	Mucin genes need careful alias and repeat-region interpretation.
special_case_policy	MUC13	target_interpretation	mucin_alias_repeat_region_review_required	flag	MUC13	Preserve flag during ranking and candidate interpretation.	Mucin genes need careful alias and repeat-region interpretation.
special_case_policy	MUC15	target_interpretation	mucin_alias_repeat_region_review_required	flag	MUC15	Preserve flag during ranking and candidate interpretation.	Mucin genes need careful alias and repeat-region interpretation.
special_case_policy	MUC16	target_interpretation	mucin_alias_repeat_region_review_required	flag	MUC16	Preserve flag during ranking and candidate interpretation.	Mucin genes need careful alias and repeat-region interpretation.
special_case_policy	MUC17	target_interpretation	mucin_alias_repeat_region_review_required	flag	MUC17	Preserve flag during ranking and candidate interpretation.	Mucin genes need careful alias and repeat-region interpretation.
special_case_policy	MUC19	target_interpretation	mucin_alias_repeat_region_review_required	flag	MUC19	Preserve flag during ranking and candidate interpretation.	Mucin genes need careful alias and repeat-region interpretation.
special_case_policy	MUC2	target_interpretation	mucin_alias_repeat_region_review_required	flag	MUC2	Preserve flag during ranking and candidate interpretation.	Mucin genes need careful alias and repeat-region interpretation.
special_case_policy	MUC20	target_interpretation	mucin_alias_repeat_region_review_required	flag	MUC20	Preserve flag during ranking and candidate interpretation.	Mucin genes need careful alias and repeat-region interpretation.
special_case_policy	MUC21	target_interpretation	mucin_alias_repeat_region_review_required	flag	MUC21	Preserve flag during ranking and candidate interpretation.	Mucin genes need careful alias and repeat-region interpretation.
special_case_policy	MUC22	target_interpretation	mucin_alias_repeat_region_review_required	flag	MUC22	Preserve flag during ranking and candidate interpretation.	Mucin genes need careful alias and repeat-region interpretation.
special_case_policy	MUC3A	target_interpretation	mucin_alias_repeat_region_review_required	flag	MUC3A	Preserve flag during ranking and candidate interpretation.	Mucin genes need careful alias and repeat-region interpretation.
special_case_policy	MUC3B	target_interpretation	mucin_alias_repeat_region_review_required	flag	MUC3B	Preserve flag during ranking and candidate interpretation.	Mucin genes need careful alias and repeat-region interpretation.
special_case_policy	MUC4	target_interpretation	mucin_alias_repeat_region_review_required	flag	MUC4	Preserve flag during ranking and candidate interpretation.	Mucin genes need careful alias and repeat-region interpretation.
special_case_policy	MUC5AC	target_interpretation	mucin_alias_repeat_region_review_required	flag	MUC5AC	Preserve flag during ranking and candidate interpretation.	Mucin genes need careful alias and repeat-region interpretation.
special_case_policy	MUC5B	target_interpretation	mucin_alias_repeat_region_review_required	flag	MUC5B	Preserve flag during ranking and candidate interpretation.	Mucin genes need careful alias and repeat-region interpretation.
special_case_policy	MUC6	target_interpretation	mucin_alias_repeat_region_review_required	flag	MUC6	Preserve flag during ranking and candidate interpretation.	Mucin genes need careful alias and repeat-region interpretation.
special_case_policy	MUC7	target_interpretation	mucin_alias_repeat_region_review_required	flag	MUC7	Preserve flag during ranking and candidate interpretation.	Mucin genes need careful alias and repeat-region interpretation.
special_case_policy	MUC8	target_interpretation	mucin_alias_repeat_region_review_required	flag	MUC8	Preserve flag during ranking and candidate interpretation.	Mucin genes need careful alias and repeat-region interpretation.
special_case_policy	MUCL1	target_interpretation	mucin_alias_repeat_region_review_required	flag	MUCL1	Preserve flag during ranking and candidate interpretation.	Mucin genes need careful alias and repeat-region interpretation.
special_case_policy	MUCL3	target_interpretation	mucin_alias_repeat_region_review_required	flag	MUCL3	Preserve flag during ranking and candidate interpretation.	Mucin genes need careful alias and repeat-region interpretation.
id_map_master	ACAT1	HGNC approved protein-coding gene	multiple_uniprot_accessions_registered	warning	ACAT1	Review before final candidate card if this gene enters top rankings.	
id_map_master	ACAT2	HGNC approved protein-coding gene	multiple_uniprot_accessions_registered	warning	ACAT2	Review before final candidate card if this gene enters top rankings.	
id_map_master	ADAM23	HGNC approved protein-coding gene	multiple_uniprot_accessions_registered	warning	ADAM23	Review before final candidate card if this gene enters top rankings.	
id_map_master	ADRA1A	HGNC approved protein-coding gene	multiple_uniprot_accessions_registered	warning	ADRA1A	Review before final candidate card if this gene enters top rankings.	
id_map_master	AIP	HGNC approved protein-coding gene	multiple_uniprot_accessions_registered	warning	AIP	Review before final candidate card if this gene enters top rankings.	
id_map_master	AK3	HGNC approved protein-coding gene	multiple_uniprot_accessions_registered	warning	AK3	Review before final candidate card if this gene enters top rankings.	
id_map_master	AK6	HGNC approved protein-coding gene	multiple_uniprot_accessions_registered	warning	AK6	Review before final candidate card if this gene enters top rankings.	
id_map_master	AKAP7	HGNC approved protein-coding gene	multiple_uniprot_accessions_registered	warning	AKAP7	Review before final candidate card if this gene enters top rankings.	
id_map_master	ALB	HGNC approved protein-coding gene	multiple_uniprot_accessions_registered	warning	ALB	Review before final candidate card if this gene enters top rankings.	
id_map_master	ALG2	HGNC approved protein-coding gene	multiple_uniprot_accessions_registered	warning	ALG2	Review before final candidate card if this gene enters top rankings.	
id_map_master	APC2	HGNC approved protein-coding gene	multiple_uniprot_accessions_registered	warning	APC2	Review before final candidate card if this gene enters top rankings.	
id_map_master	APOBEC3A_B	HGNC approved protein-coding gene	missing_reviewed_uniprot_accession	warning	APOBEC3A_B	Review before final candidate card if this gene enters top rankings.	
id_map_master	APOLTP	HGNC approved protein-coding gene	missing_reviewed_uniprot_accession	warning	APOLTP	Review before final candidate card if this gene enters top rankings.	
id_map_master	APPL2	HGNC approved protein-coding gene	multiple_uniprot_accessions_registered	warning	APPL2	Review before final candidate card if this gene enters top rankings.	
id_map_master	AQP9	HGNC approved protein-coding gene	multiple_uniprot_accessions_registered	warning	AQP9	Review before final candidate card if this gene enters top rankings.	
id_map_master	ARC	HGNC approved protein-coding gene	multiple_uniprot_accessions_registered	warning	ARC	Review before final candidate card if this gene enters top rankings.	
id_map_master	ARFGAP1	HGNC approved protein-coding gene	multiple_uniprot_accessions_registered	warning	ARFGAP1	Review before final candidate card if this gene enters top rankings.	
id_map_master	ARHGAP10	HGNC approved protein-coding gene	multiple_uniprot_accessions_registered	warning	ARHGAP10	Review before final candidate card if this gene enters top rankings.	
id_map_master	ARSA	HGNC approved protein-coding gene	multiple_uniprot_accessions_registered	warning	ARSA	Review before final candidate card if this gene enters top rankings.	
id_map_master	ART4	HGNC approved protein-coding gene	multiple_uniprot_accessions_registered	warning	ART4	Review before final candidate card if this gene enters top rankings.	
id_map_master	ATP2B2	HGNC approved protein-coding gene	multiple_uniprot_accessions_registered	warning	ATP2B2	Review before final candidate card if this gene enters top rankings.	
id_map_master	ATR	HGNC approved protein-coding gene	multiple_uniprot_accessions_registered	warning	ATR	Review before final candidate card if this gene enters top rankings.	
id_map_master	B3GNT6	HGNC approved protein-coding gene	multiple_uniprot_accessions_registered	warning	B3GNT6	Review before final candidate card if this gene enters top rankings.	
id_map_master	B3GNT8	HGNC approved protein-coding gene	multiple_uniprot_accessions_registered	warning	B3GNT8	Review before final candidate card if this gene enters top rankings.	
id_map_master	BACH1	HGNC approved protein-coding gene	multiple_uniprot_accessions_registered	warning	BACH1	Review before final candidate card if this gene enters top rankings.	
id_map_master	BAGE	HGNC approved protein-coding gene	missing_hgnc_ensembl_gene_id	warning	BAGE	Review before final candidate card if this gene enters top rankings.	
id_map_master	BAGE3	HGNC approved protein-coding gene	missing_hgnc_ensembl_gene_id	warning	BAGE3	Review before final candidate card if this gene enters top rankings.	
id_map_master	BAGE4	HGNC approved protein-coding gene	missing_hgnc_ensembl_gene_id	warning	BAGE4	Review before final candidate card if this gene enters top rankings.	
id_map_master	BAGE5	HGNC approved protein-coding gene	missing_hgnc_ensembl_gene_id	warning	BAGE5	Review before final candidate card if this gene enters top rankings.	
id_map_master	BAP1	HGNC approved protein-coding gene	multiple_uniprot_accessions_registered	warning	BAP1	Review before final candidate card if this gene enters top rankings.	
id_map_master	BBC3	HGNC approved protein-coding gene	multiple_uniprot_accessions_registered	warning	BBC3	Review before final candidate card if this gene enters top rankings.	
id_map_master	BDP1	HGNC approved protein-coding gene	multiple_uniprot_accessions_registered	warning	BDP1	Review before final candidate card if this gene enters top rankings.	
id_map_master	BLACAT1	HGNC approved protein-coding gene	missing_reviewed_uniprot_accession	warning	BLACAT1	Review before final candidate card if this gene enters top rankings.	
id_map_master	BRAP	HGNC approved protein-coding gene	multiple_uniprot_accessions_registered	warning	BRAP	Review before final candidate card if this gene enters top rankings.	
id_map_master	BRF1	HGNC approved protein-coding gene	multiple_uniprot_accessions_registered	warning	BRF1	Review before final candidate card if this gene enters top rankings.	
id_map_master	BRI3	HGNC approved protein-coding gene	multiple_uniprot_accessions_registered	warning	BRI3	Review before final candidate card if this gene enters top rankings.	
id_map_master	BRIP1	HGNC approved protein-coding gene	multiple_uniprot_accessions_registered	warning	BRIP1	Review before final candidate card if this gene enters top rankings.	
id_map_master	BTF3	HGNC approved protein-coding gene	multiple_uniprot_accessions_registered	warning	BTF3	Review before final candidate card if this gene enters top rankings.	
id_map_master	C10orf126	HGNC approved protein-coding gene	missing_hgnc_ensembl_gene_id	warning	C10orf126	Review before final candidate card if this gene enters top rankings.	
id_map_master	C4A_2	HGNC approved protein-coding gene	missing_reviewed_uniprot_accession	warning	C4A_2	Review before final candidate card if this gene enters top rankings.	
id_map_master	C8orf76	HGNC approved protein-coding gene	multiple_uniprot_accessions_registered	warning	C8orf76	Review before final candidate card if this gene enters top rankings.	
id_map_master	CA11	HGNC approved protein-coding gene	multiple_uniprot_accessions_registered	warning	CA11	Review before final candidate card if this gene enters top rankings.	
id_map_master	CA5B	HGNC approved protein-coding gene	multiple_uniprot_accessions_registered	warning	CA5B	Review before final candidate card if this gene enters top rankings.	
id_map_master	CACNG6	HGNC approved protein-coding gene	multiple_uniprot_accessions_registered	warning	CACNG6	Review before final candidate card if this gene enters top rankings.	
id_map_master	CAD	HGNC approved protein-coding gene	multiple_uniprot_accessions_registered	warning	CAD	Review before final candidate card if this gene enters top rankings.	
id_map_master	CALCA	HGNC approved protein-coding gene	multiple_uniprot_accessions_registered	warning	CALCA	Review before final candidate card if this gene enters top rankings.	
id_map_master	CAMP	HGNC approved protein-coding gene	multiple_uniprot_accessions_registered	warning	CAMP	Review before final candidate card if this gene enters top rankings.	
id_map_master	CAPG	HGNC approved protein-coding gene	multiple_uniprot_accessions_registered	warning	CAPG	Review before final candidate card if this gene enters top rankings.	
id_map_master	CAPS	HGNC approved protein-coding gene	multiple_uniprot_accessions_registered	warning	CAPS	Review before final candidate card if this gene enters top rankings.	
id_map_master	CAPS2	HGNC approved protein-coding gene	multiple_uniprot_accessions_registered	warning	CAPS2	Review before final candidate card if this gene enters top rankings.	
id_map_master	CARF	HGNC approved protein-coding gene	multiple_uniprot_accessions_registered	warning	CARF	Review before final candidate card if this gene enters top rankings.	
id_map_master	CASK	HGNC approved protein-coding gene	multiple_uniprot_accessions_registered	warning	CASK	Review before final candidate card if this gene enters top rankings.	
id_map_master	CAST	HGNC approved protein-coding gene	multiple_uniprot_accessions_registered	warning	CAST	Review before final candidate card if this gene enters top rankings.	
id_map_master	CAT	HGNC approved protein-coding gene	multiple_uniprot_accessions_registered	warning	CAT	Review before final candidate card if this gene enters top rankings.	
id_map_master	CCN1	HGNC approved protein-coding gene	multiple_uniprot_accessions_registered	warning	CCN1	Review before final candidate card if this gene enters top rankings.	
id_map_master	CCNL1	HGNC approved protein-coding gene	multiple_uniprot_accessions_registered	warning	CCNL1	Review before final candidate card if this gene enters top rankings.	
id_map_master	CCR10	HGNC approved protein-coding gene	multiple_uniprot_accessions_registered	warning	CCR10	Review before final candidate card if this gene enters top rankings.	
id_map_master	CCR4	HGNC approved protein-coding gene	multiple_uniprot_accessions_registered	warning	CCR4	Review before final candidate card if this gene enters top rankings.	
id_map_master	CCR6	HGNC approved protein-coding gene	multiple_uniprot_accessions_registered	warning	CCR6	Review before final candidate card if this gene enters top rankings.	
id_map_master	CDH1	HGNC approved protein-coding gene	multiple_uniprot_accessions_registered	warning	CDH1	Review before final candidate card if this gene enters top rankings.	
id_map_master	CDH19	HGNC approved protein-coding gene	multiple_uniprot_accessions_registered	warning	CDH19	Review before final candidate card if this gene enters top rankings.	
id_map_master	CDH20	HGNC approved protein-coding gene	multiple_uniprot_accessions_registered	warning	CDH20	Review before final candidate card if this gene enters top rankings.	
id_map_master	CDH3	HGNC approved protein-coding gene	multiple_uniprot_accessions_registered	warning	CDH3	Review before final candidate card if this gene enters top rankings.	
id_map_master	CDKN2A	HGNC approved protein-coding gene	multiple_uniprot_accessions_registered	warning	CDKN2A	Review before final candidate card if this gene enters top rankings.	
id_map_master	CDKN3	HGNC approved protein-coding gene	multiple_uniprot_accessions_registered	warning	CDKN3	Review before final candidate card if this gene enters top rankings.	
id_map_master	CDS1	HGNC approved protein-coding gene	multiple_uniprot_accessions_registered	warning	CDS1	Review before final candidate card if this gene enters top rankings.	
id_map_master	CDS2	HGNC approved protein-coding gene	multiple_uniprot_accessions_registered	warning	CDS2	Review before final candidate card if this gene enters top rankings.	
id_map_master	CEP68	HGNC approved protein-coding gene	multiple_uniprot_accessions_registered	warning	CEP68	Review before final candidate card if this gene enters top rankings.	
id_map_master	CES1	HGNC approved protein-coding gene	multiple_uniprot_accessions_registered	warning	CES1	Review before final candidate card if this gene enters top rankings.	
id_map_master	CES2	HGNC approved protein-coding gene	multiple_uniprot_accessions_registered	warning	CES2	Review before final candidate card if this gene enters top rankings.	
id_map_master	CHD5	HGNC approved protein-coding gene	multiple_uniprot_accessions_registered	warning	CHD5	Review before final candidate card if this gene enters top rankings.	
id_map_master	CHL1	HGNC approved protein-coding gene	multiple_uniprot_accessions_registered	warning	CHL1	Review before final candidate card if this gene enters top rankings.	
id_map_master	CHP1	HGNC approved protein-coding gene	multiple_uniprot_accessions_registered	warning	CHP1	Review before final candidate card if this gene enters top rankings.	
id_map_master	CHSY3	HGNC approved protein-coding gene	multiple_uniprot_accessions_registered	warning	CHSY3	Review before final candidate card if this gene enters top rankings.	
id_map_master	CKLF	HGNC approved protein-coding gene	multiple_uniprot_accessions_registered	warning	CKLF	Review before final candidate card if this gene enters top rankings.	
id_map_master	CLC	HGNC approved protein-coding gene	multiple_uniprot_accessions_registered	warning	CLC	Review before final candidate card if this gene enters top rankings.	
id_map_master	CLP1	HGNC approved protein-coding gene	multiple_uniprot_accessions_registered	warning	CLP1	Review before final candidate card if this gene enters top rankings.	
id_map_master	CNTNAP3C	HGNC approved protein-coding gene	missing_reviewed_uniprot_accession	warning	CNTNAP3C	Review before final candidate card if this gene enters top rankings.	
id_map_master	COP1	HGNC approved protein-coding gene	multiple_uniprot_accessions_registered	warning	COP1	Review before final candidate card if this gene enters top rankings.	
id_map_master	CPA3	HGNC approved protein-coding gene	multiple_uniprot_accessions_registered	warning	CPA3	Review before final candidate card if this gene enters top rankings.	
id_map_master	CPN1	HGNC approved protein-coding gene	multiple_uniprot_accessions_registered	warning	CPN1	Review before final candidate card if this gene enters top rankings.	
id_map_master	CPO	HGNC approved protein-coding gene	multiple_uniprot_accessions_registered	warning	CPO	Review before final candidate card if this gene enters top rankings.	
id_map_master	CSN2	HGNC approved protein-coding gene	multiple_uniprot_accessions_registered	warning	CSN2	Review before final candidate card if this gene enters top rankings.	
id_map_master	CSN3	HGNC approved protein-coding gene	multiple_uniprot_accessions_registered	warning	CSN3	Review before final candidate card if this gene enters top rankings.	
id_map_master	CST6	HGNC approved protein-coding gene	multiple_uniprot_accessions_registered	warning	CST6	Review before final candidate card if this gene enters top rankings.	
id_map_master	CTAGE1	HGNC approved protein-coding gene	multiple_uniprot_accessions_registered	warning	CTAGE1	Review before final candidate card if this gene enters top rankings.	
id_map_master	CTH	HGNC approved protein-coding gene	multiple_uniprot_accessions_registered	warning	CTH	Review before final candidate card if this gene enters top rankings.	
id_map_master	CTSO	HGNC approved protein-coding gene	multiple_uniprot_accessions_registered	warning	CTSO	Review before final candidate card if this gene enters top rankings.	
id_map_master	CUX1	HGNC approved protein-coding gene	multiple_uniprot_accessions_registered	warning	CUX1	Review before final candidate card if this gene enters top rankings.	
id_map_master	DAO	HGNC approved protein-coding gene	multiple_uniprot_accessions_registered	warning	DAO	Review before final candidate card if this gene enters top rankings.	
id_map_master	DAP	HGNC approved protein-coding gene	multiple_uniprot_accessions_registered	warning	DAP	Review before final candidate card if this gene enters top rankings.	
id_map_master	DAP3	HGNC approved protein-coding gene	multiple_uniprot_accessions_registered	warning	DAP3	Review before final candidate card if this gene enters top rankings.	
id_map_master	DDIT3	HGNC approved protein-coding gene	multiple_uniprot_accessions_registered	warning	DDIT3	Review before final candidate card if this gene enters top rankings.	
id_map_master	DDX11L13	HGNC approved protein-coding gene	missing_hgnc_ensembl_gene_id|missing_reviewed_uniprot_accession	warning	DDX11L13	Review before final candidate card if this gene enters top rankings.	
id_map_master	DDX21	HGNC approved protein-coding gene	multiple_uniprot_accessions_registered	warning	DDX21	Review before final candidate card if this gene enters top rankings.	
id_map_master	DEF6	HGNC approved protein-coding gene	multiple_uniprot_accessions_registered	warning	DEF6	Review before final candidate card if this gene enters top rankings.	
id_map_master	DLC1	HGNC approved protein-coding gene	multiple_uniprot_accessions_registered	warning	DLC1	Review before final candidate card if this gene enters top rankings.	
id_map_master	DLG2	HGNC approved protein-coding gene	multiple_uniprot_accessions_registered	warning	DLG2	Review before final candidate card if this gene enters top rankings.	
id_map_master	DLG3	HGNC approved protein-coding gene	multiple_uniprot_accessions_registered	warning	DLG3	Review before final candidate card if this gene enters top rankings.	
id_map_master	DLG4	HGNC approved protein-coding gene	multiple_uniprot_accessions_registered	warning	DLG4	Review before final candidate card if this gene enters top rankings.	
id_map_master	DMC1	HGNC approved protein-coding gene	multiple_uniprot_accessions_registered	warning	DMC1	Review before final candidate card if this gene enters top rankings.	
id_map_master	DMP1	HGNC approved protein-coding gene	multiple_uniprot_accessions_registered	warning	DMP1	Review before final candidate card if this gene enters top rankings.	
id_map_master	DOK1	HGNC approved protein-coding gene	multiple_uniprot_accessions_registered	warning	DOK1	Review before final candidate card if this gene enters top rankings.	
id_map_master	DRC1	HGNC approved protein-coding gene	multiple_uniprot_accessions_registered	warning	DRC1	Review before final candidate card if this gene enters top rankings.	
id_map_master	DRC3	HGNC approved protein-coding gene	multiple_uniprot_accessions_registered	warning	DRC3	Review before final candidate card if this gene enters top rankings.	
id_map_master	DRG1	HGNC approved protein-coding gene	multiple_uniprot_accessions_registered	warning	DRG1	Review before final candidate card if this gene enters top rankings.	
id_map_master	DSC1	HGNC approved protein-coding gene	multiple_uniprot_accessions_registered	warning	DSC1	Review before final candidate card if this gene enters top rankings.	
id_map_master	DSC3	HGNC approved protein-coding gene	multiple_uniprot_accessions_registered	warning	DSC3	Review before final candidate card if this gene enters top rankings.	
id_map_master	DUX1	HGNC approved protein-coding gene	missing_hgnc_ensembl_gene_id	warning	DUX1	Review before final candidate card if this gene enters top rankings.	
id_map_master	DUX3	HGNC approved protein-coding gene	missing_hgnc_ensembl_gene_id	warning	DUX3	Review before final candidate card if this gene enters top rankings.	
id_map_master	DUX5	HGNC approved protein-coding gene	missing_hgnc_ensembl_gene_id	warning	DUX5	Review before final candidate card if this gene enters top rankings.	
id_map_master	DVL1	HGNC approved protein-coding gene	multiple_uniprot_accessions_registered	warning	DVL1	Review before final candidate card if this gene enters top rankings.	
id_map_master	EHD2	HGNC approved protein-coding gene	multiple_uniprot_accessions_registered	warning	EHD2	Review before final candidate card if this gene enters top rankings.	
id_map_master	EID3	HGNC approved protein-coding gene	multiple_uniprot_accessions_registered	warning	EID3	Review before final candidate card if this gene enters top rankings.	
id_map_master	EIF2A	HGNC approved protein-coding gene	multiple_uniprot_accessions_registered	warning	EIF2A	Review before final candidate card if this gene enters top rankings.	
id_map_master	EIF3A	HGNC approved protein-coding gene	multiple_uniprot_accessions_registered	warning	EIF3A	Review before final candidate card if this gene enters top rankings.	
id_map_master	ELOVL2	HGNC approved protein-coding gene	multiple_uniprot_accessions_registered	warning	ELOVL2	Review before final candidate card if this gene enters top rankings.	
id_map_master	EMILIN3	HGNC approved protein-coding gene	multiple_uniprot_accessions_registered	warning	EMILIN3	Review before final candidate card if this gene enters top rankings.	
id_map_master	EPM2A	HGNC approved protein-coding gene	multiple_uniprot_accessions_registered	warning	EPM2A	Review before final candidate card if this gene enters top rankings.	
id_map_master	EPO	HGNC approved protein-coding gene	multiple_uniprot_accessions_registered	warning	EPO	Review before final candidate card if this gene enters top rankings.	
id_map_master	ERCC6	HGNC approved protein-coding gene	multiple_uniprot_accessions_registered	warning	ERCC6	Review before final candidate card if this gene enters top rankings.	
id_map_master	ERG	HGNC approved protein-coding gene	multiple_uniprot_accessions_registered	warning	ERG	Review before final candidate card if this gene enters top rankings.	
id_map_master	F10	HGNC approved protein-coding gene	multiple_uniprot_accessions_registered	warning	F10	Review before final candidate card if this gene enters top rankings.	
id_map_master	FAAH	HGNC approved protein-coding gene	multiple_uniprot_accessions_registered	warning	FAAH	Review before final candidate card if this gene enters top rankings.	
id_map_master	FAN1	HGNC approved protein-coding gene	multiple_uniprot_accessions_registered	warning	FAN1	Review before final candidate card if this gene enters top rankings.	
id_map_master	FAS	HGNC approved protein-coding gene	multiple_uniprot_accessions_registered	warning	FAS	Review before final candidate card if this gene enters top rankings.	
id_map_master	FBP2	HGNC approved protein-coding gene	multiple_uniprot_accessions_registered	warning	FBP2	Review before final candidate card if this gene enters top rankings.	
id_map_master	FCRL1	HGNC approved protein-coding gene	multiple_uniprot_accessions_registered	warning	FCRL1	Review before final candidate card if this gene enters top rankings.	
id_map_master	FCRL2	HGNC approved protein-coding gene	multiple_uniprot_accessions_registered	warning	FCRL2	Review before final candidate card if this gene enters top rankings.	
id_map_master	FEZ1	HGNC approved protein-coding gene	multiple_uniprot_accessions_registered	warning	FEZ1	Review before final candidate card if this gene enters top rankings.	
id_map_master	FHOD3	HGNC approved protein-coding gene	multiple_uniprot_accessions_registered	warning	FHOD3	Review before final candidate card if this gene enters top rankings.	
id_map_master	FKBP9	HGNC approved protein-coding gene	multiple_uniprot_accessions_registered	warning	FKBP9	Review before final candidate card if this gene enters top rankings.	
id_map_master	FLG	HGNC approved protein-coding gene	multiple_uniprot_accessions_registered	warning	FLG	Review before final candidate card if this gene enters top rankings.	
id_map_master	FLOT1	HGNC approved protein-coding gene	multiple_uniprot_accessions_registered	warning	FLOT1	Review before final candidate card if this gene enters top rankings.	
id_map_master	FMO2	HGNC approved protein-coding gene	multiple_uniprot_accessions_registered	warning	FMO2	Review before final candidate card if this gene enters top rankings.	
id_map_master	FZD3	HGNC approved protein-coding gene	multiple_uniprot_accessions_registered	warning	FZD3	Review before final candidate card if this gene enters top rankings.	
id_map_master	GABPB2	HGNC approved protein-coding gene	multiple_uniprot_accessions_registered	warning	GABPB2	Review before final candidate card if this gene enters top rankings.	
id_map_master	GAGE12I	HGNC approved protein-coding gene	missing_hgnc_ensembl_gene_id|multiple_uniprot_accessions_registered	warning	GAGE12I	Review before final candidate card if this gene enters top rankings.	
id_map_master	GAGE2B	HGNC approved protein-coding gene	missing_hgnc_ensembl_gene_id	warning	GAGE2B	Review before final candidate card if this gene enters top rankings.	
id_map_master	GAGE2C	HGNC approved protein-coding gene	missing_hgnc_ensembl_gene_id	warning	GAGE2C	Review before final candidate card if this gene enters top rankings.	
id_map_master	GAGE2D	HGNC approved protein-coding gene	missing_hgnc_ensembl_gene_id	warning	GAGE2D	Review before final candidate card if this gene enters top rankings.	
id_map_master	GAGE4	HGNC approved protein-coding gene	missing_hgnc_ensembl_gene_id	warning	GAGE4	Review before final candidate card if this gene enters top rankings.	
id_map_master	GAGE5	HGNC approved protein-coding gene	missing_hgnc_ensembl_gene_id	warning	GAGE5	Review before final candidate card if this gene enters top rankings.	
id_map_master	GAGE6	HGNC approved protein-coding gene	missing_hgnc_ensembl_gene_id	warning	GAGE6	Review before final candidate card if this gene enters top rankings.	
id_map_master	GAGE7	HGNC approved protein-coding gene	missing_hgnc_ensembl_gene_id	warning	GAGE7	Review before final candidate card if this gene enters top rankings.	
id_map_master	GAGE8	HGNC approved protein-coding gene	missing_hgnc_ensembl_gene_id	warning	GAGE8	Review before final candidate card if this gene enters top rankings.	
id_map_master	GAL	HGNC approved protein-coding gene	multiple_uniprot_accessions_registered	warning	GAL	Review before final candidate card if this gene enters top rankings.	
id_map_master	GALNT15	HGNC approved protein-coding gene	multiple_uniprot_accessions_registered	warning	GALNT15	Review before final candidate card if this gene enters top rankings.	
id_map_master	GALNT17	HGNC approved protein-coding gene	multiple_uniprot_accessions_registered	warning	GALNT17	Review before final candidate card if this gene enters top rankings.	
id_map_master	GBP3	HGNC approved protein-coding gene	multiple_uniprot_accessions_registered	warning	GBP3	Review before final candidate card if this gene enters top rankings.	
id_map_master	GC	HGNC approved protein-coding gene	multiple_uniprot_accessions_registered	warning	GC	Review before final candidate card if this gene enters top rankings.	
id_map_master	GCK	HGNC approved protein-coding gene	multiple_uniprot_accessions_registered	warning	GCK	Review before final candidate card if this gene enters top rankings.	
id_map_master	GDA	HGNC approved protein-coding gene	multiple_uniprot_accessions_registered	warning	GDA	Review before final candidate card if this gene enters top rankings.	
id_map_master	GJA10	HGNC approved protein-coding gene	multiple_uniprot_accessions_registered	warning	GJA10	Review before final candidate card if this gene enters top rankings.	
id_map_master	GJA9	HGNC approved protein-coding gene	multiple_uniprot_accessions_registered	warning	GJA9	Review before final candidate card if this gene enters top rankings.	
id_map_master	GJC1	HGNC approved protein-coding gene	multiple_uniprot_accessions_registered	warning	GJC1	Review before final candidate card if this gene enters top rankings.	
id_map_master	GJE1	HGNC approved protein-coding gene	multiple_uniprot_accessions_registered	warning	GJE1	Review before final candidate card if this gene enters top rankings.	
id_map_master	GK2	HGNC approved protein-coding gene	multiple_uniprot_accessions_registered	warning	GK2	Review before final candidate card if this gene enters top rankings.	
id_map_master	GLA	HGNC approved protein-coding gene	multiple_uniprot_accessions_registered	warning	GLA	Review before final candidate card if this gene enters top rankings.	
id_map_master	GNAS	HGNC approved protein-coding gene	multiple_uniprot_accessions_registered	warning	GNAS	Review before final candidate card if this gene enters top rankings.	
id_map_master	GNG8	HGNC approved protein-coding gene	multiple_uniprot_accessions_registered	warning	GNG8	Review before final candidate card if this gene enters top rankings.	
id_map_master	GOLGA6L19	HGNC approved protein-coding gene	missing_hgnc_ensembl_gene_id	warning	GOLGA6L19	Review before final candidate card if this gene enters top rankings.	
id_map_master	GPX6	HGNC approved protein-coding gene	multiple_uniprot_accessions_registered	warning	GPX6	Review before final candidate card if this gene enters top rankings.	
id_map_master	GRIK2	HGNC approved protein-coding gene	multiple_uniprot_accessions_registered	warning	GRIK2	Review before final candidate card if this gene enters top rankings.	
id_map_master	GRIP1	HGNC approved protein-coding gene	multiple_uniprot_accessions_registered	warning	GRIP1	Review before final candidate card if this gene enters top rankings.	
id_map_master	GRP	HGNC approved protein-coding gene	multiple_uniprot_accessions_registered	warning	GRP	Review before final candidate card if this gene enters top rankings.	
id_map_master	GSTT2	HGNC approved protein-coding gene	multiple_uniprot_accessions_registered	warning	GSTT2	Review before final candidate card if this gene enters top rankings.	
id_map_master	HADH	HGNC approved protein-coding gene	multiple_uniprot_accessions_registered	warning	HADH	Review before final candidate card if this gene enters top rankings.	
id_map_master	HAP1	HGNC approved protein-coding gene	multiple_uniprot_accessions_registered	warning	HAP1	Review before final candidate card if this gene enters top rankings.	
id_map_master	HARS2	HGNC approved protein-coding gene	multiple_uniprot_accessions_registered	warning	HARS2	Review before final candidate card if this gene enters top rankings.	
id_map_master	HBP1	HGNC approved protein-coding gene	multiple_uniprot_accessions_registered	warning	HBP1	Review before final candidate card if this gene enters top rankings.	
id_map_master	HDAC7	HGNC approved protein-coding gene	multiple_uniprot_accessions_registered	warning	HDAC7	Review before final candidate card if this gene enters top rankings.	
id_map_master	HDC	HGNC approved protein-coding gene	multiple_uniprot_accessions_registered	warning	HDC	Review before final candidate card if this gene enters top rankings.	
id_map_master	HMSD	HGNC approved protein-coding gene	multiple_uniprot_accessions_registered	warning	HMSD	Review before final candidate card if this gene enters top rankings.	
id_map_master	HMX3	HGNC approved protein-coding gene	multiple_uniprot_accessions_registered	warning	HMX3	Review before final candidate card if this gene enters top rankings.	
id_map_master	HS3ST5	HGNC approved protein-coding gene	multiple_uniprot_accessions_registered	warning	HS3ST5	Review before final candidate card if this gene enters top rankings.	
id_map_master	HTT	HGNC approved protein-coding gene	multiple_uniprot_accessions_registered	warning	HTT	Review before final candidate card if this gene enters top rankings.	
id_map_master	HYAL3	HGNC approved protein-coding gene	multiple_uniprot_accessions_registered	warning	HYAL3	Review before final candidate card if this gene enters top rankings.	
id_map_master	IGH	HGNC approved protein-coding gene	missing_hgnc_ensembl_gene_id|missing_reviewed_uniprot_accession	warning	IGH	Review before final candidate card if this gene enters top rankings.	
id_map_master	IGK	HGNC approved protein-coding gene	missing_hgnc_ensembl_gene_id|missing_reviewed_uniprot_accession	warning	IGK	Review before final candidate card if this gene enters top rankings.	
id_map_master	IGL	HGNC approved protein-coding gene	missing_hgnc_ensembl_gene_id|missing_reviewed_uniprot_accession	warning	IGL	Review before final candidate card if this gene enters top rankings.	
id_map_master	IL20	HGNC approved protein-coding gene	multiple_uniprot_accessions_registered	warning	IL20	Review before final candidate card if this gene enters top rankings.	
id_map_master	IMP3	HGNC approved protein-coding gene	multiple_uniprot_accessions_registered	warning	IMP3	Review before final candidate card if this gene enters top rankings.	
id_map_master	IMP4	HGNC approved protein-coding gene	multiple_uniprot_accessions_registered	warning	IMP4	Review before final candidate card if this gene enters top rankings.	
id_map_master	INPP5E	HGNC approved protein-coding gene	multiple_uniprot_accessions_registered	warning	INPP5E	Review before final candidate card if this gene enters top rankings.	
id_map_master	KCNG3	HGNC approved protein-coding gene	multiple_uniprot_accessions_registered	warning	KCNG3	Review before final candidate card if this gene enters top rankings.	
id_map_master	KCNJ14	HGNC approved protein-coding gene	multiple_uniprot_accessions_registered	warning	KCNJ14	Review before final candidate card if this gene enters top rankings.	
id_map_master	KCNK2	HGNC approved protein-coding gene	multiple_uniprot_accessions_registered	warning	KCNK2	Review before final candidate card if this gene enters top rankings.	
id_map_master	KCNMB2	HGNC approved protein-coding gene	multiple_uniprot_accessions_registered	warning	KCNMB2	Review before final candidate card if this gene enters top rankings.	
id_map_master	KIR2DL2	HGNC approved protein-coding gene	missing_hgnc_ensembl_gene_id	warning	KIR2DL2	Review before final candidate card if this gene enters top rankings.	
id_map_master	KIR2DL5B	HGNC approved protein-coding gene	missing_hgnc_ensembl_gene_id	warning	KIR2DL5B	Review before final candidate card if this gene enters top rankings.	
id_map_master	KIR2DS2	HGNC approved protein-coding gene	missing_hgnc_ensembl_gene_id	warning	KIR2DS2	Review before final candidate card if this gene enters top rankings.	
id_map_master	KIR2DS3	HGNC approved protein-coding gene	missing_hgnc_ensembl_gene_id	warning	KIR2DS3	Review before final candidate card if this gene enters top rankings.	
id_map_master	KIR2DS5	HGNC approved protein-coding gene	missing_hgnc_ensembl_gene_id	warning	KIR2DS5	Review before final candidate card if this gene enters top rankings.	
id_map_master	KLC2	HGNC approved protein-coding gene	multiple_uniprot_accessions_registered	warning	KLC2	Review before final candidate card if this gene enters top rankings.	
id_map_master	KLF14	HGNC approved protein-coding gene	multiple_uniprot_accessions_registered	warning	KLF14	Review before final candidate card if this gene enters top rankings.	
id_map_master	KLK3	HGNC approved protein-coding gene	multiple_uniprot_accessions_registered	warning	KLK3	Review before final candidate card if this gene enters top rankings.	
id_map_master	KRTAP5-11	HGNC approved protein-coding gene	multiple_uniprot_accessions_registered	warning	KRTAP5-11	Review before final candidate card if this gene enters top rankings.	
id_map_master	KRTAP5-8	HGNC approved protein-coding gene	multiple_uniprot_accessions_registered	warning	KRTAP5-8	Review before final candidate card if this gene enters top rankings.	
id_map_master	KRTAP5-9	HGNC approved protein-coding gene	multiple_uniprot_accessions_registered	warning	KRTAP5-9	Review before final candidate card if this gene enters top rankings.	
id_map_master	KSR2	HGNC approved protein-coding gene	multiple_uniprot_accessions_registered	warning	KSR2	Review before final candidate card if this gene enters top rankings.	
id_map_master	LAMB2	HGNC approved protein-coding gene	multiple_uniprot_accessions_registered	warning	LAMB2	Review before final candidate card if this gene enters top rankings.	
id_map_master	LAT2	HGNC approved protein-coding gene	multiple_uniprot_accessions_registered	warning	LAT2	Review before final candidate card if this gene enters top rankings.	
id_map_master	LBH	HGNC approved protein-coding gene	multiple_uniprot_accessions_registered	warning	LBH	Review before final candidate card if this gene enters top rankings.	
id_map_master	LEPR	HGNC approved protein-coding gene	multiple_uniprot_accessions_registered	warning	LEPR	Review before final candidate card if this gene enters top rankings.	
id_map_master	LHFPL4	HGNC approved protein-coding gene	multiple_uniprot_accessions_registered	warning	LHFPL4	Review before final candidate card if this gene enters top rankings.	
id_map_master	LIG1	HGNC approved protein-coding gene	multiple_uniprot_accessions_registered	warning	LIG1	Review before final candidate card if this gene enters top rankings.	
id_map_master	LIG3	HGNC approved protein-coding gene	multiple_uniprot_accessions_registered	warning	LIG3	Review before final candidate card if this gene enters top rankings.	
id_map_master	LPCAT4	HGNC approved protein-coding gene	multiple_uniprot_accessions_registered	warning	LPCAT4	Review before final candidate card if this gene enters top rankings.	
id_map_master	LRP10	HGNC approved protein-coding gene	multiple_uniprot_accessions_registered	warning	LRP10	Review before final candidate card if this gene enters top rankings.	
id_map_master	LRRN1	HGNC approved protein-coding gene	multiple_uniprot_accessions_registered	warning	LRRN1	Review before final candidate card if this gene enters top rankings.	
id_map_master	LRRN2	HGNC approved protein-coding gene	multiple_uniprot_accessions_registered	warning	LRRN2	Review before final candidate card if this gene enters top rankings.	
id_map_master	LRRN4	HGNC approved protein-coding gene	multiple_uniprot_accessions_registered	warning	LRRN4	Review before final candidate card if this gene enters top rankings.	
id_map_master	LST1	HGNC approved protein-coding gene	multiple_uniprot_accessions_registered	warning	LST1	Review before final candidate card if this gene enters top rankings.	
id_map_master	LTBP3	HGNC approved protein-coding gene	multiple_uniprot_accessions_registered	warning	LTBP3	Review before final candidate card if this gene enters top rankings.	
id_map_master	LY6G6D	HGNC approved protein-coding gene	multiple_uniprot_accessions_registered	warning	LY6G6D	Review before final candidate card if this gene enters top rankings.	
id_map_master	MACF1	HGNC approved protein-coding gene	multiple_uniprot_accessions_registered	warning	MACF1	Review before final candidate card if this gene enters top rankings.	
id_map_master	MAFA	HGNC approved protein-coding gene	multiple_uniprot_accessions_registered	warning	MAFA	Review before final candidate card if this gene enters top rankings.	
id_map_master	MAGEE1	HGNC approved protein-coding gene	multiple_uniprot_accessions_registered	warning	MAGEE1	Review before final candidate card if this gene enters top rankings.	
id_map_master	MAGI1	HGNC approved protein-coding gene	multiple_uniprot_accessions_registered	warning	MAGI1	Review before final candidate card if this gene enters top rankings.	
id_map_master	MAK	HGNC approved protein-coding gene	multiple_uniprot_accessions_registered	warning	MAK	Review before final candidate card if this gene enters top rankings.	
id_map_master	MAL	HGNC approved protein-coding gene	multiple_uniprot_accessions_registered	warning	MAL	Review before final candidate card if this gene enters top rankings.	
id_map_master	MAST1	HGNC approved protein-coding gene	multiple_uniprot_accessions_registered	warning	MAST1	Review before final candidate card if this gene enters top rankings.	
id_map_master	MBP	HGNC approved protein-coding gene	multiple_uniprot_accessions_registered	warning	MBP	Review before final candidate card if this gene enters top rankings.	
id_map_master	MCM2	HGNC approved protein-coding gene	multiple_uniprot_accessions_registered	warning	MCM2	Review before final candidate card if this gene enters top rankings.	
id_map_master	MDP1	HGNC approved protein-coding gene	multiple_uniprot_accessions_registered	warning	MDP1	Review before final candidate card if this gene enters top rankings.	
id_map_master	MED1	HGNC approved protein-coding gene	multiple_uniprot_accessions_registered	warning	MED1	Review before final candidate card if this gene enters top rankings.	
id_map_master	MED25	HGNC approved protein-coding gene	multiple_uniprot_accessions_registered	warning	MED25	Review before final candidate card if this gene enters top rankings.	
id_map_master	MET	HGNC approved protein-coding gene	multiple_uniprot_accessions_registered	warning	MET	Review before final candidate card if this gene enters top rankings.	
id_map_master	MGA	HGNC approved protein-coding gene	multiple_uniprot_accessions_registered	warning	MGA	Review before final candidate card if this gene enters top rankings.	
id_map_master	MID1	HGNC approved protein-coding gene	multiple_uniprot_accessions_registered	warning	MID1	Review before final candidate card if this gene enters top rankings.	
id_map_master	MIEF1	HGNC approved protein-coding gene	multiple_uniprot_accessions_registered	warning	MIEF1	Review before final candidate card if this gene enters top rankings.	
id_map_master	MIF	HGNC approved protein-coding gene	multiple_uniprot_accessions_registered	warning	MIF	Review before final candidate card if this gene enters top rankings.	
id_map_master	MIP	HGNC approved protein-coding gene	multiple_uniprot_accessions_registered	warning	MIP	Review before final candidate card if this gene enters top rankings.	
id_map_master	MLC1	HGNC approved protein-coding gene	multiple_uniprot_accessions_registered	warning	MLC1	Review before final candidate card if this gene enters top rankings.	
id_map_master	MLN	HGNC approved protein-coding gene	multiple_uniprot_accessions_registered	warning	MLN	Review before final candidate card if this gene enters top rankings.	
id_map_master	MMAA	HGNC approved protein-coding gene	multiple_uniprot_accessions_registered	warning	MMAA	Review before final candidate card if this gene enters top rankings.	
id_map_master	MMP20	HGNC approved protein-coding gene	multiple_uniprot_accessions_registered	warning	MMP20	Review before final candidate card if this gene enters top rankings.	
id_map_master	MMP21	HGNC approved protein-coding gene	multiple_uniprot_accessions_registered	warning	MMP21	Review before final candidate card if this gene enters top rankings.	
id_map_master	MMP25	HGNC approved protein-coding gene	multiple_uniprot_accessions_registered	warning	MMP25	Review before final candidate card if this gene enters top rankings.	
id_map_master	MOCS2	HGNC approved protein-coding gene	multiple_uniprot_accessions_registered	warning	MOCS2	Review before final candidate card if this gene enters top rankings.	
id_map_master	MPP2	HGNC approved protein-coding gene	multiple_uniprot_accessions_registered	warning	MPP2	Review before final candidate card if this gene enters top rankings.	
id_map_master	MPP7	HGNC approved protein-coding gene	multiple_uniprot_accessions_registered	warning	MPP7	Review before final candidate card if this gene enters top rankings.	
id_map_master	MR1	HGNC approved protein-coding gene	multiple_uniprot_accessions_registered	warning	MR1	Review before final candidate card if this gene enters top rankings.	
id_map_master	MRPL15	HGNC approved protein-coding gene	multiple_uniprot_accessions_registered	warning	MRPL15	Review before final candidate card if this gene enters top rankings.	
id_map_master	MRPL2	HGNC approved protein-coding gene	multiple_uniprot_accessions_registered	warning	MRPL2	Review before final candidate card if this gene enters top rankings.	
id_map_master	MRPL27	HGNC approved protein-coding gene	multiple_uniprot_accessions_registered	warning	MRPL27	Review before final candidate card if this gene enters top rankings.	
id_map_master	MRPL28	HGNC approved protein-coding gene	multiple_uniprot_accessions_registered	warning	MRPL28	Review before final candidate card if this gene enters top rankings.	
id_map_master	MRPL32	HGNC approved protein-coding gene	multiple_uniprot_accessions_registered	warning	MRPL32	Review before final candidate card if this gene enters top rankings.	
id_map_master	MRPS28	HGNC approved protein-coding gene	multiple_uniprot_accessions_registered	warning	MRPS28	Review before final candidate card if this gene enters top rankings.	
id_map_master	MRPS35	HGNC approved protein-coding gene	multiple_uniprot_accessions_registered	warning	MRPS35	Review before final candidate card if this gene enters top rankings.	
id_map_master	MS4A13	HGNC approved protein-coding gene	multiple_uniprot_accessions_registered	warning	MS4A13	Review before final candidate card if this gene enters top rankings.	
id_map_master	MST1	HGNC approved protein-coding gene	multiple_uniprot_accessions_registered	warning	MST1	Review before final candidate card if this gene enters top rankings.	
id_map_master	MT-ND4	HGNC approved protein-coding gene	multiple_uniprot_accessions_registered	warning	MT-ND4	Review before final candidate card if this gene enters top rankings.	
id_map_master	MT1M	HGNC approved protein-coding gene	multiple_uniprot_accessions_registered	warning	MT1M	Review before final candidate card if this gene enters top rankings.	
id_map_master	MTCP1	HGNC approved protein-coding gene	multiple_uniprot_accessions_registered	warning	MTCP1	Review before final candidate card if this gene enters top rankings.	
id_map_master	MTF1	HGNC approved protein-coding gene	multiple_uniprot_accessions_registered	warning	MTF1	Review before final candidate card if this gene enters top rankings.	
id_map_master	MTMR8	HGNC approved protein-coding gene	multiple_uniprot_accessions_registered	warning	MTMR8	Review before final candidate card if this gene enters top rankings.	
id_map_master	MUC3B	HGNC approved protein-coding gene	missing_hgnc_ensembl_gene_id	warning	MUC3B	Review before final candidate card if this gene enters top rankings.	Mucin genes need careful alias and repeat-region interpretation.
id_map_master	MUC8	HGNC approved protein-coding gene	missing_hgnc_ensembl_gene_id|missing_reviewed_uniprot_accession	warning	MUC8	Review before final candidate card if this gene enters top rankings.	Mucin genes need careful alias and repeat-region interpretation.
id_map_master	MYO18A	HGNC approved protein-coding gene	multiple_uniprot_accessions_registered	warning	MYO18A	Review before final candidate card if this gene enters top rankings.	
id_map_master	MYO1C	HGNC approved protein-coding gene	multiple_uniprot_accessions_registered	warning	MYO1C	Review before final candidate card if this gene enters top rankings.	
id_map_master	MYT1	HGNC approved protein-coding gene	multiple_uniprot_accessions_registered	warning	MYT1	Review before final candidate card if this gene enters top rankings.	
id_map_master	NACA	HGNC approved protein-coding gene	multiple_uniprot_accessions_registered	warning	NACA	Review before final candidate card if this gene enters top rankings.	
id_map_master	NAF1	HGNC approved protein-coding gene	multiple_uniprot_accessions_registered	warning	NAF1	Review before final candidate card if this gene enters top rankings.	
id_map_master	NAPA	HGNC approved protein-coding gene	multiple_uniprot_accessions_registered	warning	NAPA	Review before final candidate card if this gene enters top rankings.	
id_map_master	NARF	HGNC approved protein-coding gene	multiple_uniprot_accessions_registered	warning	NARF	Review before final candidate card if this gene enters top rankings.	
id_map_master	NAT1	HGNC approved protein-coding gene	multiple_uniprot_accessions_registered	warning	NAT1	Review before final candidate card if this gene enters top rankings.	
id_map_master	NAT2	HGNC approved protein-coding gene	multiple_uniprot_accessions_registered	warning	NAT2	Review before final candidate card if this gene enters top rankings.	
id_map_master	NEK8	HGNC approved protein-coding gene	multiple_uniprot_accessions_registered	warning	NEK8	Review before final candidate card if this gene enters top rankings.	
id_map_master	NET1	HGNC approved protein-coding gene	multiple_uniprot_accessions_registered	warning	NET1	Review before final candidate card if this gene enters top rankings.	
id_map_master	NEURL3	HGNC approved protein-coding gene	multiple_uniprot_accessions_registered	warning	NEURL3	Review before final candidate card if this gene enters top rankings.	
id_map_master	NMB	HGNC approved protein-coding gene	multiple_uniprot_accessions_registered	warning	NMB	Review before final candidate card if this gene enters top rankings.	
id_map_master	NOS1	HGNC approved protein-coding gene	multiple_uniprot_accessions_registered	warning	NOS1	Review before final candidate card if this gene enters top rankings.	
id_map_master	NOS2	HGNC approved protein-coding gene	multiple_uniprot_accessions_registered	warning	NOS2	Review before final candidate card if this gene enters top rankings.	
id_map_master	NOS3	HGNC approved protein-coding gene	multiple_uniprot_accessions_registered	warning	NOS3	Review before final candidate card if this gene enters top rankings.	
id_map_master	NRF1	HGNC approved protein-coding gene	multiple_uniprot_accessions_registered	warning	NRF1	Review before final candidate card if this gene enters top rankings.	
id_map_master	NRP1	HGNC approved protein-coding gene	multiple_uniprot_accessions_registered	warning	NRP1	Review before final candidate card if this gene enters top rankings.	
id_map_master	NRP2	HGNC approved protein-coding gene	multiple_uniprot_accessions_registered	warning	NRP2	Review before final candidate card if this gene enters top rankings.	
id_map_master	NRXN1	HGNC approved protein-coding gene	multiple_uniprot_accessions_registered	warning	NRXN1	Review before final candidate card if this gene enters top rankings.	
id_map_master	NRXN2	HGNC approved protein-coding gene	multiple_uniprot_accessions_registered	warning	NRXN2	Review before final candidate card if this gene enters top rankings.	
id_map_master	NRXN3	HGNC approved protein-coding gene	multiple_uniprot_accessions_registered	warning	NRXN3	Review before final candidate card if this gene enters top rankings.	
id_map_master	NSL1	HGNC approved protein-coding gene	multiple_uniprot_accessions_registered	warning	NSL1	Review before final candidate card if this gene enters top rankings.	
id_map_master	NUDT10	HGNC approved protein-coding gene	multiple_uniprot_accessions_registered	warning	NUDT10	Review before final candidate card if this gene enters top rankings.	
id_map_master	ORC1	HGNC approved protein-coding gene	multiple_uniprot_accessions_registered	warning	ORC1	Review before final candidate card if this gene enters top rankings.	
id_map_master	ORC2	HGNC approved protein-coding gene	multiple_uniprot_accessions_registered	warning	ORC2	Review before final candidate card if this gene enters top rankings.	
id_map_master	OSR1	HGNC approved protein-coding gene	multiple_uniprot_accessions_registered	warning	OSR1	Review before final candidate card if this gene enters top rankings.	
id_map_master	OXR1	HGNC approved protein-coding gene	multiple_uniprot_accessions_registered	warning	OXR1	Review before final candidate card if this gene enters top rankings.	
id_map_master	PAF1	HGNC approved protein-coding gene	multiple_uniprot_accessions_registered	warning	PAF1	Review before final candidate card if this gene enters top rankings.	
id_map_master	PAK1	HGNC approved protein-coding gene	multiple_uniprot_accessions_registered	warning	PAK1	Review before final candidate card if this gene enters top rankings.	
id_map_master	PAK5	HGNC approved protein-coding gene	multiple_uniprot_accessions_registered	warning	PAK5	Review before final candidate card if this gene enters top rankings.	
id_map_master	PAM	HGNC approved protein-coding gene	multiple_uniprot_accessions_registered	warning	PAM	Review before final candidate card if this gene enters top rankings.	
id_map_master	PAN2	HGNC approved protein-coding gene	multiple_uniprot_accessions_registered	warning	PAN2	Review before final candidate card if this gene enters top rankings.	
id_map_master	PASK	HGNC approved protein-coding gene	multiple_uniprot_accessions_registered	warning	PASK	Review before final candidate card if this gene enters top rankings.	
id_map_master	PCDHA@	HGNC approved protein-coding gene	missing_hgnc_ensembl_gene_id|missing_reviewed_uniprot_accession	warning	PCDHA@	Review before final candidate card if this gene enters top rankings.	
id_map_master	PCDHB@	HGNC approved protein-coding gene	missing_hgnc_ensembl_gene_id|missing_reviewed_uniprot_accession	warning	PCDHB@	Review before final candidate card if this gene enters top rankings.	
id_map_master	PCDHG@	HGNC approved protein-coding gene	missing_hgnc_ensembl_gene_id|missing_reviewed_uniprot_accession	warning	PCDHG@	Review before final candidate card if this gene enters top rankings.	
id_map_master	PCM1	HGNC approved protein-coding gene	multiple_uniprot_accessions_registered	warning	PCM1	Review before final candidate card if this gene enters top rankings.	
id_map_master	PCP2	HGNC approved protein-coding gene	multiple_uniprot_accessions_registered	warning	PCP2	Review before final candidate card if this gene enters top rankings.	
id_map_master	PDF	HGNC approved protein-coding gene	multiple_uniprot_accessions_registered	warning	PDF	Review before final candidate card if this gene enters top rankings.	
id_map_master	PDK1	HGNC approved protein-coding gene	multiple_uniprot_accessions_registered	warning	PDK1	Review before final candidate card if this gene enters top rankings.	
id_map_master	PDP1	HGNC approved protein-coding gene	multiple_uniprot_accessions_registered	warning	PDP1	Review before final candidate card if this gene enters top rankings.	
id_map_master	PDX1	HGNC approved protein-coding gene	multiple_uniprot_accessions_registered	warning	PDX1	Review before final candidate card if this gene enters top rankings.	
id_map_master	PGBD3	HGNC approved protein-coding gene	missing_hgnc_ensembl_gene_id	warning	PGBD3	Review before final candidate card if this gene enters top rankings.	
id_map_master	PIDD1	HGNC approved protein-coding gene	multiple_uniprot_accessions_registered	warning	PIDD1	Review before final candidate card if this gene enters top rankings.	
id_map_master	PKD1	HGNC approved protein-coding gene	multiple_uniprot_accessions_registered	warning	PKD1	Review before final candidate card if this gene enters top rankings.	
id_map_master	PKD2	HGNC approved protein-coding gene	multiple_uniprot_accessions_registered	warning	PKD2	Review before final candidate card if this gene enters top rankings.	
id_map_master	PLAC8	HGNC approved protein-coding gene	multiple_uniprot_accessions_registered	warning	PLAC8	Review before final candidate card if this gene enters top rankings.	
id_map_master	PMP22	HGNC approved protein-coding gene	multiple_uniprot_accessions_registered	warning	PMP22	Review before final candidate card if this gene enters top rankings.	
id_map_master	PNMT	HGNC approved protein-coding gene	multiple_uniprot_accessions_registered	warning	PNMT	Review before final candidate card if this gene enters top rankings.	
id_map_master	PNP	HGNC approved protein-coding gene	multiple_uniprot_accessions_registered	warning	PNP	Review before final candidate card if this gene enters top rankings.	
id_map_master	POLD4	HGNC approved protein-coding gene	multiple_uniprot_accessions_registered	warning	POLD4	Review before final candidate card if this gene enters top rankings.	
id_map_master	POLH	HGNC approved protein-coding gene	multiple_uniprot_accessions_registered	warning	POLH	Review before final candidate card if this gene enters top rankings.	
id_map_master	POLR1D	HGNC approved protein-coding gene	multiple_uniprot_accessions_registered	warning	POLR1D	Review before final candidate card if this gene enters top rankings.	
id_map_master	POLR1E	HGNC approved protein-coding gene	multiple_uniprot_accessions_registered	warning	POLR1E	Review before final candidate card if this gene enters top rankings.	
id_map_master	POLR2M	HGNC approved protein-coding gene	multiple_uniprot_accessions_registered	warning	POLR2M	Review before final candidate card if this gene enters top rankings.	
id_map_master	POP1	HGNC approved protein-coding gene	multiple_uniprot_accessions_registered	warning	POP1	Review before final candidate card if this gene enters top rankings.	
id_map_master	POP4	HGNC approved protein-coding gene	multiple_uniprot_accessions_registered	warning	POP4	Review before final candidate card if this gene enters top rankings.	
id_map_master	PPM1E	HGNC approved protein-coding gene	multiple_uniprot_accessions_registered	warning	PPM1E	Review before final candidate card if this gene enters top rankings.	
id_map_master	PPOX	HGNC approved protein-coding gene	multiple_uniprot_accessions_registered	warning	PPOX	Review before final candidate card if this gene enters top rankings.	
id_map_master	PREP	HGNC approved protein-coding gene	multiple_uniprot_accessions_registered	warning	PREP	Review before final candidate card if this gene enters top rankings.	
id_map_master	PRG2	HGNC approved protein-coding gene	multiple_uniprot_accessions_registered	warning	PRG2	Review before final candidate card if this gene enters top rankings.	
id_map_master	PRG3	HGNC approved protein-coding gene	multiple_uniprot_accessions_registered	warning	PRG3	Review before final candidate card if this gene enters top rankings.	
id_map_master	PRG4	HGNC approved protein-coding gene	multiple_uniprot_accessions_registered	warning	PRG4	Review before final candidate card if this gene enters top rankings.	
id_map_master	PRKACA	HGNC approved protein-coding gene	multiple_uniprot_accessions_registered	warning	PRKACA	Review before final candidate card if this gene enters top rankings.	
id_map_master	PRKCH	HGNC approved protein-coding gene	multiple_uniprot_accessions_registered	warning	PRKCH	Review before final candidate card if this gene enters top rankings.	
id_map_master	PRL	HGNC approved protein-coding gene	multiple_uniprot_accessions_registered	warning	PRL	Review before final candidate card if this gene enters top rankings.	
id_map_master	PRMT9	HGNC approved protein-coding gene	multiple_uniprot_accessions_registered	warning	PRMT9	Review before final candidate card if this gene enters top rankings.	
id_map_master	PRNP	HGNC approved protein-coding gene	multiple_uniprot_accessions_registered	warning	PRNP	Review before final candidate card if this gene enters top rankings.	
id_map_master	PRODH2	HGNC approved protein-coding gene	multiple_uniprot_accessions_registered	warning	PRODH2	Review before final candidate card if this gene enters top rankings.	
id_map_master	PRPH	HGNC approved protein-coding gene	multiple_uniprot_accessions_registered	warning	PRPH	Review before final candidate card if this gene enters top rankings.	
id_map_master	PRR3	HGNC approved protein-coding gene	multiple_uniprot_accessions_registered	warning	PRR3	Review before final candidate card if this gene enters top rankings.	
id_map_master	PRR4	HGNC approved protein-coding gene	multiple_uniprot_accessions_registered	warning	PRR4	Review before final candidate card if this gene enters top rankings.	
id_map_master	PSAP	HGNC approved protein-coding gene	multiple_uniprot_accessions_registered	warning	PSAP	Review before final candidate card if this gene enters top rankings.	
id_map_master	PSG11	HGNC approved protein-coding gene	multiple_uniprot_accessions_registered	warning	PSG11	Review before final candidate card if this gene enters top rankings.	
id_map_master	PSG9	HGNC approved protein-coding gene	multiple_uniprot_accessions_registered	warning	PSG9	Review before final candidate card if this gene enters top rankings.	
id_map_master	PTGER2	HGNC approved protein-coding gene	multiple_uniprot_accessions_registered	warning	PTGER2	Review before final candidate card if this gene enters top rankings.	
id_map_master	PTH2	HGNC approved protein-coding gene	multiple_uniprot_accessions_registered	warning	PTH2	Review before final candidate card if this gene enters top rankings.	
id_map_master	PTPA	HGNC approved protein-coding gene	multiple_uniprot_accessions_registered	warning	PTPA	Review before final candidate card if this gene enters top rankings.	
id_map_master	PTPRO	HGNC approved protein-coding gene	multiple_uniprot_accessions_registered	warning	PTPRO	Review before final candidate card if this gene enters top rankings.	
id_map_master	PTPRQ	HGNC approved protein-coding gene	multiple_uniprot_accessions_registered	warning	PTPRQ	Review before final candidate card if this gene enters top rankings.	
id_map_master	PTX3	HGNC approved protein-coding gene	multiple_uniprot_accessions_registered	warning	PTX3	Review before final candidate card if this gene enters top rankings.	
id_map_master	RAB34	HGNC approved protein-coding gene	multiple_uniprot_accessions_registered	warning	RAB34	Review before final candidate card if this gene enters top rankings.	
id_map_master	RAB41	HGNC approved protein-coding gene	multiple_uniprot_accessions_registered	warning	RAB41	Review before final candidate card if this gene enters top rankings.	
id_map_master	RABGAP1L	HGNC approved protein-coding gene	multiple_uniprot_accessions_registered	warning	RABGAP1L	Review before final candidate card if this gene enters top rankings.	
id_map_master	RAC3	HGNC approved protein-coding gene	multiple_uniprot_accessions_registered	warning	RAC3	Review before final candidate card if this gene enters top rankings.	
id_map_master	RAD54L	HGNC approved protein-coding gene	multiple_uniprot_accessions_registered	warning	RAD54L	Review before final candidate card if this gene enters top rankings.	
id_map_master	RANBP9	HGNC approved protein-coding gene	multiple_uniprot_accessions_registered	warning	RANBP9	Review before final candidate card if this gene enters top rankings.	
id_map_master	RASSF4	HGNC approved protein-coding gene	multiple_uniprot_accessions_registered	warning	RASSF4	Review before final candidate card if this gene enters top rankings.	
id_map_master	RAX	HGNC approved protein-coding gene	multiple_uniprot_accessions_registered	warning	RAX	Review before final candidate card if this gene enters top rankings.	
id_map_master	RBM10	HGNC approved protein-coding gene	multiple_uniprot_accessions_registered	warning	RBM10	Review before final candidate card if this gene enters top rankings.	
id_map_master	RBMY1C	HGNC approved protein-coding gene	missing_hgnc_ensembl_gene_id	warning	RBMY1C	Review before final candidate card if this gene enters top rankings.	
id_map_master	RBP1	HGNC approved protein-coding gene	multiple_uniprot_accessions_registered	warning	RBP1	Review before final candidate card if this gene enters top rankings.	
id_map_master	RBP2	HGNC approved protein-coding gene	multiple_uniprot_accessions_registered	warning	RBP2	Review before final candidate card if this gene enters top rankings.	
id_map_master	RBP5	HGNC approved protein-coding gene	multiple_uniprot_accessions_registered	warning	RBP5	Review before final candidate card if this gene enters top rankings.	
id_map_master	REN	HGNC approved protein-coding gene	multiple_uniprot_accessions_registered	warning	REN	Review before final candidate card if this gene enters top rankings.	
id_map_master	RFC1	HGNC approved protein-coding gene	multiple_uniprot_accessions_registered	warning	RFC1	Review before final candidate card if this gene enters top rankings.	
id_map_master	RFT1	HGNC approved protein-coding gene	multiple_uniprot_accessions_registered	warning	RFT1	Review before final candidate card if this gene enters top rankings.	
id_map_master	RGP1	HGNC approved protein-coding gene	multiple_uniprot_accessions_registered	warning	RGP1	Review before final candidate card if this gene enters top rankings.	
id_map_master	RGR	HGNC approved protein-coding gene	multiple_uniprot_accessions_registered	warning	RGR	Review before final candidate card if this gene enters top rankings.	
id_map_master	RGS13	HGNC approved protein-coding gene	multiple_uniprot_accessions_registered	warning	RGS13	Review before final candidate card if this gene enters top rankings.	
id_map_master	RIF1	HGNC approved protein-coding gene	multiple_uniprot_accessions_registered	warning	RIF1	Review before final candidate card if this gene enters top rankings.	
id_map_master	RILP	HGNC approved protein-coding gene	multiple_uniprot_accessions_registered	warning	RILP	Review before final candidate card if this gene enters top rankings.	
id_map_master	RIT1	HGNC approved protein-coding gene	multiple_uniprot_accessions_registered	warning	RIT1	Review before final candidate card if this gene enters top rankings.	
id_map_master	RLF	HGNC approved protein-coding gene	multiple_uniprot_accessions_registered	warning	RLF	Review before final candidate card if this gene enters top rankings.	
id_map_master	RNH1	HGNC approved protein-coding gene	multiple_uniprot_accessions_registered	warning	RNH1	Review before final candidate card if this gene enters top rankings.	
id_map_master	RP1	HGNC approved protein-coding gene	multiple_uniprot_accessions_registered	warning	RP1	Review before final candidate card if this gene enters top rankings.	
id_map_master	RPEL1	HGNC approved protein-coding gene	multiple_uniprot_accessions_registered	warning	RPEL1	Review before final candidate card if this gene enters top rankings.	
id_map_master	RPF1	HGNC approved protein-coding gene	multiple_uniprot_accessions_registered	warning	RPF1	Review before final candidate card if this gene enters top rankings.	
id_map_master	RPL36	HGNC approved protein-coding gene	multiple_uniprot_accessions_registered	warning	RPL36	Review before final candidate card if this gene enters top rankings.	
id_map_master	RPSA	HGNC approved protein-coding gene	multiple_uniprot_accessions_registered	warning	RPSA	Review before final candidate card if this gene enters top rankings.	
id_map_master	RRP1	HGNC approved protein-coding gene	multiple_uniprot_accessions_registered	warning	RRP1	Review before final candidate card if this gene enters top rankings.	
id_map_master	RTL8C	HGNC approved protein-coding gene	multiple_uniprot_accessions_registered	warning	RTL8C	Review before final candidate card if this gene enters top rankings.	
id_map_master	SAG	HGNC approved protein-coding gene	multiple_uniprot_accessions_registered	warning	SAG	Review before final candidate card if this gene enters top rankings.	
id_map_master	SAP130	HGNC approved protein-coding gene	multiple_uniprot_accessions_registered	warning	SAP130	Review before final candidate card if this gene enters top rankings.	
id_map_master	SAT1	HGNC approved protein-coding gene	multiple_uniprot_accessions_registered	warning	SAT1	Review before final candidate card if this gene enters top rankings.	
id_map_master	SAT2	HGNC approved protein-coding gene	multiple_uniprot_accessions_registered	warning	SAT2	Review before final candidate card if this gene enters top rankings.	
id_map_master	SCAF1	HGNC approved protein-coding gene	multiple_uniprot_accessions_registered	warning	SCAF1	Review before final candidate card if this gene enters top rankings.	
id_map_master	SCAP	HGNC approved protein-coding gene	multiple_uniprot_accessions_registered	warning	SCAP	Review before final candidate card if this gene enters top rankings.	
id_map_master	SCG2	HGNC approved protein-coding gene	multiple_uniprot_accessions_registered	warning	SCG2	Review before final candidate card if this gene enters top rankings.	
id_map_master	SCP2	HGNC approved protein-coding gene	multiple_uniprot_accessions_registered	warning	SCP2	Review before final candidate card if this gene enters top rankings.	
id_map_master	SCPPPQ1	HGNC approved protein-coding gene	missing_hgnc_ensembl_gene_id	warning	SCPPPQ1	Review before final candidate card if this gene enters top rankings.	
id_map_master	SCRIB	HGNC approved protein-coding gene	multiple_uniprot_accessions_registered	warning	SCRIB	Review before final candidate card if this gene enters top rankings.	
id_map_master	SDIM1	HGNC approved protein-coding gene	missing_hgnc_ensembl_gene_id	warning	SDIM1	Review before final candidate card if this gene enters top rankings.	
id_map_master	SELP	HGNC approved protein-coding gene	multiple_uniprot_accessions_registered	warning	SELP	Review before final candidate card if this gene enters top rankings.	
id_map_master	SEM1	HGNC approved protein-coding gene	multiple_uniprot_accessions_registered	warning	SEM1	Review before final candidate card if this gene enters top rankings.	
id_map_master	SERHL2	HGNC approved protein-coding gene	multiple_uniprot_accessions_registered	warning	SERHL2	Review before final candidate card if this gene enters top rankings.	
id_map_master	SERPINA11	HGNC approved protein-coding gene	multiple_uniprot_accessions_registered	warning	SERPINA11	Review before final candidate card if this gene enters top rankings.	
id_map_master	SF1	HGNC approved protein-coding gene	multiple_uniprot_accessions_registered	warning	SF1	Review before final candidate card if this gene enters top rankings.	
id_map_master	SFN	HGNC approved protein-coding gene	multiple_uniprot_accessions_registered	warning	SFN	Review before final candidate card if this gene enters top rankings.	
id_map_master	SIGLECL1	HGNC approved protein-coding gene	multiple_uniprot_accessions_registered	warning	SIGLECL1	Review before final candidate card if this gene enters top rankings.	
id_map_master	SIRPB1	HGNC approved protein-coding gene	multiple_uniprot_accessions_registered	warning	SIRPB1	Review before final candidate card if this gene enters top rankings.	
id_map_master	SIRPB2	HGNC approved protein-coding gene	multiple_uniprot_accessions_registered	warning	SIRPB2	Review before final candidate card if this gene enters top rankings.	
id_map_master	SIT1	HGNC approved protein-coding gene	multiple_uniprot_accessions_registered	warning	SIT1	Review before final candidate card if this gene enters top rankings.	
id_map_master	SLC17A2	HGNC approved protein-coding gene	multiple_uniprot_accessions_registered	warning	SLC17A2	Review before final candidate card if this gene enters top rankings.	
id_map_master	SLC23A1	HGNC approved protein-coding gene	multiple_uniprot_accessions_registered	warning	SLC23A1	Review before final candidate card if this gene enters top rankings.	
id_map_master	SLC35A4	HGNC approved protein-coding gene	multiple_uniprot_accessions_registered	warning	SLC35A4	Review before final candidate card if this gene enters top rankings.	
id_map_master	SLC6A5	HGNC approved protein-coding gene	multiple_uniprot_accessions_registered	warning	SLC6A5	Review before final candidate card if this gene enters top rankings.	
id_map_master	SLFN5	HGNC approved protein-coding gene	multiple_uniprot_accessions_registered	warning	SLFN5	Review before final candidate card if this gene enters top rankings.	
id_map_master	SMAP1	HGNC approved protein-coding gene	multiple_uniprot_accessions_registered	warning	SMAP1	Review before final candidate card if this gene enters top rankings.	
id_map_master	SMAP2	HGNC approved protein-coding gene	multiple_uniprot_accessions_registered	warning	SMAP2	Review before final candidate card if this gene enters top rankings.	
id_map_master	SMO	HGNC approved protein-coding gene	multiple_uniprot_accessions_registered	warning	SMO	Review before final candidate card if this gene enters top rankings.	
id_map_master	SNRPD1	HGNC approved protein-coding gene	multiple_uniprot_accessions_registered	warning	SNRPD1	Review before final candidate card if this gene enters top rankings.	
id_map_master	SNURF	HGNC approved protein-coding gene	multiple_uniprot_accessions_registered	warning	SNURF	Review before final candidate card if this gene enters top rankings.	
id_map_master	SNX30	HGNC approved protein-coding gene	multiple_uniprot_accessions_registered	warning	SNX30	Review before final candidate card if this gene enters top rankings.	
id_map_master	SOCS4	HGNC approved protein-coding gene	multiple_uniprot_accessions_registered	warning	SOCS4	Review before final candidate card if this gene enters top rankings.	
id_map_master	SOCS6	HGNC approved protein-coding gene	multiple_uniprot_accessions_registered	warning	SOCS6	Review before final candidate card if this gene enters top rankings.	
id_map_master	SOCS7	HGNC approved protein-coding gene	multiple_uniprot_accessions_registered	warning	SOCS7	Review before final candidate card if this gene enters top rankings.	
id_map_master	SOX12	HGNC approved protein-coding gene	multiple_uniprot_accessions_registered	warning	SOX12	Review before final candidate card if this gene enters top rankings.	
id_map_master	SP1	HGNC approved protein-coding gene	multiple_uniprot_accessions_registered	warning	SP1	Review before final candidate card if this gene enters top rankings.	
id_map_master	SPC25	HGNC approved protein-coding gene	multiple_uniprot_accessions_registered	warning	SPC25	Review before final candidate card if this gene enters top rankings.	
id_map_master	SPIN1	HGNC approved protein-coding gene	multiple_uniprot_accessions_registered	warning	SPIN1	Review before final candidate card if this gene enters top rankings.	
id_map_master	SPN	HGNC approved protein-coding gene	multiple_uniprot_accessions_registered	warning	SPN	Review before final candidate card if this gene enters top rankings.	
id_map_master	SPP1	HGNC approved protein-coding gene	multiple_uniprot_accessions_registered	warning	SPP1	Review before final candidate card if this gene enters top rankings.	
id_map_master	SPRN	HGNC approved protein-coding gene	multiple_uniprot_accessions_registered	warning	SPRN	Review before final candidate card if this gene enters top rankings.	
id_map_master	SRA1	HGNC approved protein-coding gene	multiple_uniprot_accessions_registered	warning	SRA1	Review before final candidate card if this gene enters top rankings.	
id_map_master	SRGAP2	HGNC approved protein-coding gene	multiple_uniprot_accessions_registered	warning	SRGAP2	Review before final candidate card if this gene enters top rankings.	
id_map_master	ST7	HGNC approved protein-coding gene	multiple_uniprot_accessions_registered	warning	ST7	Review before final candidate card if this gene enters top rankings.	
id_map_master	STAG1	HGNC approved protein-coding gene	multiple_uniprot_accessions_registered	warning	STAG1	Review before final candidate card if this gene enters top rankings.	
id_map_master	STAR	HGNC approved protein-coding gene	multiple_uniprot_accessions_registered	warning	STAR	Review before final candidate card if this gene enters top rankings.	
id_map_master	STK3	HGNC approved protein-coding gene	multiple_uniprot_accessions_registered	warning	STK3	Review before final candidate card if this gene enters top rankings.	
id_map_master	STN1	HGNC approved protein-coding gene	multiple_uniprot_accessions_registered	warning	STN1	Review before final candidate card if this gene enters top rankings.	
id_map_master	SULT1C2	HGNC approved protein-coding gene	multiple_uniprot_accessions_registered	warning	SULT1C2	Review before final candidate card if this gene enters top rankings.	
id_map_master	TAF15	HGNC approved protein-coding gene	multiple_uniprot_accessions_registered	warning	TAF15	Review before final candidate card if this gene enters top rankings.	
id_map_master	TAP2	HGNC approved protein-coding gene	multiple_uniprot_accessions_registered	warning	TAP2	Review before final candidate card if this gene enters top rankings.	
id_map_master	TAS2R33	HGNC approved protein-coding gene	missing_hgnc_ensembl_gene_id	warning	TAS2R33	Review before final candidate card if this gene enters top rankings.	
id_map_master	TAS2R36	HGNC approved protein-coding gene	missing_hgnc_ensembl_gene_id	warning	TAS2R36	Review before final candidate card if this gene enters top rankings.	
id_map_master	TBC1D3D	HGNC approved protein-coding gene	multiple_uniprot_accessions_registered	warning	TBC1D3D	Review before final candidate card if this gene enters top rankings.	
id_map_master	TBC1D3E	HGNC approved protein-coding gene	multiple_uniprot_accessions_registered	warning	TBC1D3E	Review before final candidate card if this gene enters top rankings.	
id_map_master	TBC1D3I	HGNC approved protein-coding gene	multiple_uniprot_accessions_registered	warning	TBC1D3I	Review before final candidate card if this gene enters top rankings.	
id_map_master	TCF3	HGNC approved protein-coding gene	multiple_uniprot_accessions_registered	warning	TCF3	Review before final candidate card if this gene enters top rankings.	
id_map_master	TCF4	HGNC approved protein-coding gene	multiple_uniprot_accessions_registered	warning	TCF4	Review before final candidate card if this gene enters top rankings.	
id_map_master	TEC	HGNC approved protein-coding gene	multiple_uniprot_accessions_registered	warning	TEC	Review before final candidate card if this gene enters top rankings.	
id_map_master	TEP1	HGNC approved protein-coding gene	multiple_uniprot_accessions_registered	warning	TEP1	Review before final candidate card if this gene enters top rankings.	
id_map_master	TKT	HGNC approved protein-coding gene	multiple_uniprot_accessions_registered	warning	TKT	Review before final candidate card if this gene enters top rankings.	
id_map_master	TMPO	HGNC approved protein-coding gene	multiple_uniprot_accessions_registered	warning	TMPO	Review before final candidate card if this gene enters top rankings.	
id_map_master	TMPRSS3	HGNC approved protein-coding gene	multiple_uniprot_accessions_registered	warning	TMPRSS3	Review before final candidate card if this gene enters top rankings.	
id_map_master	TNNC1	HGNC approved protein-coding gene	multiple_uniprot_accessions_registered	warning	TNNC1	Review before final candidate card if this gene enters top rankings.	
id_map_master	TOR1AIP2	HGNC approved protein-coding gene	multiple_uniprot_accessions_registered	warning	TOR1AIP2	Review before final candidate card if this gene enters top rankings.	
id_map_master	TOR2A	HGNC approved protein-coding gene	multiple_uniprot_accessions_registered	warning	TOR2A	Review before final candidate card if this gene enters top rankings.	
id_map_master	TPP1	HGNC approved protein-coding gene	multiple_uniprot_accessions_registered	warning	TPP1	Review before final candidate card if this gene enters top rankings.	
id_map_master	TRA	HGNC approved protein-coding gene	missing_hgnc_ensembl_gene_id|multiple_uniprot_accessions_registered	warning	TRA	Review before final candidate card if this gene enters top rankings.	
id_map_master	TRAF2	HGNC approved protein-coding gene	multiple_uniprot_accessions_registered	warning	TRAF2	Review before final candidate card if this gene enters top rankings.	
id_map_master	TRAM1	HGNC approved protein-coding gene	multiple_uniprot_accessions_registered	warning	TRAM1	Review before final candidate card if this gene enters top rankings.	
id_map_master	TRAP1	HGNC approved protein-coding gene	multiple_uniprot_accessions_registered	warning	TRAP1	Review before final candidate card if this gene enters top rankings.	
id_map_master	TRB	HGNC approved protein-coding gene	missing_hgnc_ensembl_gene_id|multiple_uniprot_accessions_registered	warning	TRB	Review before final candidate card if this gene enters top rankings.	
id_map_master	TRD	HGNC approved protein-coding gene	missing_hgnc_ensembl_gene_id|missing_reviewed_uniprot_accession	warning	TRD	Review before final candidate card if this gene enters top rankings.	
id_map_master	TRG	HGNC approved protein-coding gene	missing_hgnc_ensembl_gene_id|missing_reviewed_uniprot_accession	warning	TRG	Review before final candidate card if this gene enters top rankings.	
id_map_master	TRMT1	HGNC approved protein-coding gene	multiple_uniprot_accessions_registered	warning	TRMT1	Review before final candidate card if this gene enters top rankings.	
id_map_master	TRPC7	HGNC approved protein-coding gene	multiple_uniprot_accessions_registered	warning	TRPC7	Review before final candidate card if this gene enters top rankings.	
id_map_master	TSPO	HGNC approved protein-coding gene	multiple_uniprot_accessions_registered	warning	TSPO	Review before final candidate card if this gene enters top rankings.	
id_map_master	TTF1	HGNC approved protein-coding gene	multiple_uniprot_accessions_registered	warning	TTF1	Review before final candidate card if this gene enters top rankings.	
id_map_master	TTF2	HGNC approved protein-coding gene	multiple_uniprot_accessions_registered	warning	TTF2	Review before final candidate card if this gene enters top rankings.	
id_map_master	U2AF1L4	HGNC approved protein-coding gene	multiple_uniprot_accessions_registered	warning	U2AF1L4	Review before final candidate card if this gene enters top rankings.	
id_map_master	UGT1A	HGNC approved protein-coding gene	missing_hgnc_ensembl_gene_id|missing_reviewed_uniprot_accession	warning	UGT1A	Review before final candidate card if this gene enters top rankings.	
id_map_master	UGT2B11	HGNC approved protein-coding gene	multiple_uniprot_accessions_registered	warning	UGT2B11	Review before final candidate card if this gene enters top rankings.	
id_map_master	USP10	HGNC approved protein-coding gene	multiple_uniprot_accessions_registered	warning	USP10	Review before final candidate card if this gene enters top rankings.	
id_map_master	USP21	HGNC approved protein-coding gene	multiple_uniprot_accessions_registered	warning	USP21	Review before final candidate card if this gene enters top rankings.	
id_map_master	USP31	HGNC approved protein-coding gene	multiple_uniprot_accessions_registered	warning	USP31	Review before final candidate card if this gene enters top rankings.	
id_map_master	USP34	HGNC approved protein-coding gene	multiple_uniprot_accessions_registered	warning	USP34	Review before final candidate card if this gene enters top rankings.	
id_map_master	VARS2	HGNC approved protein-coding gene	multiple_uniprot_accessions_registered	warning	VARS2	Review before final candidate card if this gene enters top rankings.	
id_map_master	VAT1	HGNC approved protein-coding gene	multiple_uniprot_accessions_registered	warning	VAT1	Review before final candidate card if this gene enters top rankings.	
id_map_master	WDR11	HGNC approved protein-coding gene	multiple_uniprot_accessions_registered	warning	WDR11	Review before final candidate card if this gene enters top rankings.	
id_map_master	ZBP1	HGNC approved protein-coding gene	multiple_uniprot_accessions_registered	warning	ZBP1	Review before final candidate card if this gene enters top rankings.	
id_map_master	ZFP36	HGNC approved protein-coding gene	multiple_uniprot_accessions_registered	warning	ZFP36	Review before final candidate card if this gene enters top rankings.	
id_map_master	ZNF20	HGNC approved protein-coding gene	multiple_uniprot_accessions_registered	warning	ZNF20	Review before final candidate card if this gene enters top rankings.	
id_map_master	ZNF225	HGNC approved protein-coding gene	multiple_uniprot_accessions_registered	warning	ZNF225	Review before final candidate card if this gene enters top rankings.	
id_map_master	ZNF230	HGNC approved protein-coding gene	multiple_uniprot_accessions_registered	warning	ZNF230	Review before final candidate card if this gene enters top rankings.	
id_map_master	ZNF233	HGNC approved protein-coding gene	multiple_uniprot_accessions_registered	warning	ZNF233	Review before final candidate card if this gene enters top rankings.	
id_map_master	ZNF365	HGNC approved protein-coding gene	multiple_uniprot_accessions_registered	warning	ZNF365	Review before final candidate card if this gene enters top rankings.	
id_map_master	ZNF474	HGNC approved protein-coding gene	multiple_uniprot_accessions_registered	warning	ZNF474	Review before final candidate card if this gene enters top rankings.	
id_map_master	ZNF475	HGNC approved protein-coding gene	multiple_uniprot_accessions_registered	warning	ZNF475	Review before final candidate card if this gene enters top rankings.	
id_map_master	ZNF576	HGNC approved protein-coding gene	multiple_uniprot_accessions_registered	warning	ZNF576	Review before final candidate card if this gene enters top rankings.	
id_map_master	ZNF689	HGNC approved protein-coding gene	multiple_uniprot_accessions_registered	warning	ZNF689	Review before final candidate card if this gene enters top rankings.	
